<?xml version="1.0" encoding="UTF-8"?>
<metadata xml:lang="pt"><Esri><CreaDate>20201117</CreaDate><CreaTime>11061600</CreaTime><ArcGISFormat>1.0</ArcGISFormat><SyncOnce>TRUE</SyncOnce><DataProperties><itemProps><itemLocation><linkage Sync="TRUE">file://\\svdf0144\grupos\Gp-A-DCOL-bsa\Atualizacao_UC\uc_fed_janeiro_2019</linkage><protocol Sync="TRUE">Local Area Network</protocol></itemLocation></itemProps><copyHistory><copy source="I:\Gp-A-DCOL-bsa\Atualizacao_UC\2019_jan_atualiz_cuniã_crs_iquê\mapa_oficial_uc_jan_2019\uc_fed_jan_2019\uc_fed_janeiro_2019" dest="\\svdf0144\grupos\Gp-A-DCOL-bsa\Atualizacao_UC\uc_fed_janeiro_2019" date="20190121" time="11112200"></copy></copyHistory><lineage><Process ToolSource="c:\program files (x86)\arcgis\desktop10.2\ArcToolbox\Toolboxes\Data Management Tools.tbx\CalculateField" Date="20201117" Time="103118">CalculateField uc_fed_nov_2020 CoordRegio "GR 1 - NORTE" VB #</Process><Process ToolSource="c:\program files (x86)\arcgis\desktop10.2\ArcToolbox\Toolboxes\Data Management Tools.tbx\CalculateField" Date="20201117" Time="104127">CalculateField uc_fed_nov_2020 CoordRegio "GR 3 - CENTRO-OESTE" VB #</Process><Process ToolSource="c:\program files (x86)\arcgis\desktop10.2\ArcToolbox\Toolboxes\Data Management Tools.tbx\CalculateField" Date="20201117" Time="104944">CalculateField uc_fed_nov_2020 CoordRegio "GR 2- NORDESTE" VB #</Process><Process ToolSource="c:\program files (x86)\arcgis\desktop10.2\ArcToolbox\Toolboxes\Data Management Tools.tbx\CalculateField" Date="20201117" Time="105438">CalculateField uc_fed_nov_2020 CoordRegio "GR 4- SUDESTE" VB #</Process><Process ToolSource="c:\program files (x86)\arcgis\desktop10.2\ArcToolbox\Toolboxes\Data Management Tools.tbx\CalculateField" Date="20201117" Time="105725">CalculateField uc_fed_nov_2020 CoordRegio "GR 5- SUL" VB #</Process></lineage></DataProperties></Esri></metadata>
